{"products":[{"id":"0.9912021198216661","qty":1}],"totalPrice":9.989999999999998}