{"products":[{"id":"0.9912021198216661","qty":2}],"totalPrice":19.979999999999997}